[
  {
    "id": "28867aaa-1e9a-4079-a550-40a7a9eb9327",
    "data": [
      {
        "text": "Water is polluted",
        "userDefined": false
      }
    ],
    "isTemplate": false,
    "count": 0
  },
  {
    "id": "476912f4-4fb0-4264-9193-a8521c0eed39",
    "data": [
      {
        "text": "Water is not clean",
        "userDefined": false
      }
    ],
    "isTemplate": false,
    "count": 0
  },
  {
    "id": "386ec445-6d1b-4134-bf06-a7f409f9dcd9",
    "data": [
      {
        "text": "There is water problem",
        "userDefined": false
      }
    ],
    "isTemplate": false,
    "count": 0
  },
  {
    "id": "66736728-eaf8-4b95-ab61-a37eed4e89ab",
    "data": [
      {
        "text": "Bad luck! Something wrong with the water here",
        "userDefined": false
      }
    ],
    "isTemplate": false,
    "count": 0,
    "updated": 1517651262
  }
]