[
  {
    "id": "6fbc94b5-cbb7-4f46-a274-4abc3aa40b84",
    "data": [
      {
        "text": "I want to identify fish",
        "userDefined": false
      }
    ],
    "isTemplate": false,
    "count": 0
  },
  {
    "id": "31c4be49-3e56-4302-9997-a6ac3ab9eb08",
    "data": [
      {
        "text": "Upload another pic of fish!",
        "userDefined": false
      }
    ],
    "isTemplate": false,
    "count": 0
  },
  {
    "id": "7a26d8dd-44b8-42ea-be3e-8fbf8e3a0bfe",
    "data": [
      {
        "text": "I wanna upload another pic of fish!",
        "userDefined": false
      }
    ],
    "isTemplate": false,
    "count": 0,
    "updated": 1517652727
  }
]