[
  {
    "id": "02f58ec7-c210-4c0a-b731-01ccf8982c94",
    "data": [
      {
        "text": "Location: ",
        "userDefined": false
      },
      {
        "text": "25.0453032",
        "alias": "lat",
        "meta": "@sys.number",
        "userDefined": false
      },
      {
        "text": ",",
        "userDefined": false
      },
      {
        "text": "121.5307844",
        "alias": "long",
        "meta": "@sys.number",
        "userDefined": true
      }
    ],
    "isTemplate": false,
    "count": 0
  },
  {
    "id": "f989bd12-831e-4480-88a9-d291fb402102",
    "data": [
      {
        "text": "Location: ",
        "userDefined": false
      },
      {
        "text": "25.0452522",
        "alias": "lat",
        "meta": "@sys.number",
        "userDefined": false
      },
      {
        "text": ",",
        "userDefined": false
      },
      {
        "text": "121.5307769",
        "alias": "long",
        "meta": "@sys.number",
        "userDefined": true
      }
    ],
    "isTemplate": false,
    "count": 0
  }
]