[
  {
    "id": "66dd6aee-1613-43d6-8bbb-fd61709306df",
    "data": [
      {
        "text": "Algal blooms",
        "alias": "waterProblem",
        "meta": "@knownProblem",
        "userDefined": true
      }
    ],
    "isTemplate": false,
    "count": 0
  },
  {
    "id": "b5792a09-5f1f-49a6-95e6-f9f0b319a7fc",
    "data": [
      {
        "text": "Marine debris",
        "alias": "waterProblem",
        "meta": "@knownProblem",
        "userDefined": true
      }
    ],
    "isTemplate": false,
    "count": 0
  },
  {
    "id": "27c2c53c-fff8-4c34-beee-77f8874aeaad",
    "data": [
      {
        "text": "Heavy metal",
        "alias": "waterProblem",
        "meta": "@knownProblem",
        "userDefined": false
      }
    ],
    "isTemplate": false,
    "count": 0
  },
  {
    "id": "b9646dd4-24f9-4078-8661-38f135c50a40",
    "data": [
      {
        "text": "Algae bloom",
        "alias": "waterProblem",
        "meta": "@knownProblem",
        "userDefined": true
      }
    ],
    "isTemplate": false,
    "count": 0,
    "updated": 1517662065
  }
]